orgao_C_mao, https://docs.google.com/uc?export=download&id=1BWIg8AHI21WzimmfK2RfB7ZM9SCzM06G
orgao_Cm_mao, https://docs.google.com/uc?export=download&id=1P_pGNapihJdTilsBo1y8ija0Afm7m5_3
orgao_C#_mao, https://docs.google.com/uc?export=download&id=1ZYNZotCi_OJ2Bs-ot4FGk0eR4zsWuw1W
orgao_C#m_mao, https://docs.google.com/uc?export=download&id=1ZYNZotCi_OJ2Bs-ot4FGk0eR4zsWuw1W
orgao_D_mao, https://docs.google.com/uc?export=download&id=1jmFB7vxCH5_1b6Ym0aJXK1PGagwRgBnS
orgao_Dm_mao, https://docs.google.com/uc?export=download&id=1ZYNZotCi_OJ2Bs-ot4FGk0eR4zsWuw1W
orgao_D#_mao, https://docs.google.com/uc?export=download&id=1ZYNZotCi_OJ2Bs-ot4FGk0eR4zsWuw1W
orgao_D#m_mao, https://docs.google.com/uc?export=download&id=1ZYNZotCi_OJ2Bs-ot4FGk0eR4zsWuw1W
orgao_E_mao, https://docs.google.com/uc?export=download&id=1hgYT3kAd2iRSbcB1x9Y-b3vOsQW3_F_8
orgao_Em_mao, https://docs.google.com/uc?export=download&id=1HW8GU7sVt3NaqEZPoAkQZz64cBoRYiUy
orgao_F_mao, https://docs.google.com/uc?export=download&id=17lkJE9a-JwPKAXg-6BCSHf9gZtxn6X_x
orgao_Fm_mao, https://docs.google.com/uc?export=download&id=1ZYNZotCi_OJ2Bs-ot4FGk0eR4zsWuw1W
orgao_F#_mao, https://docs.google.com/uc?export=download&id=1ZYNZotCi_OJ2Bs-ot4FGk0eR4zsWuw1W
orgao_F#m_mao, https://docs.google.com/uc?export=download&id=1ZYNZotCi_OJ2Bs-ot4FGk0eR4zsWuw1W
orgao_G_mao, https://docs.google.com/uc?export=download&id=1NqmQ-R37hLCP0RMuHeGU2EeVnZnnll6E
orgao_Gm_mao, https://docs.google.com/uc?export=download&id=1ZYNZotCi_OJ2Bs-ot4FGk0eR4zsWuw1W
orgao_G#_mao, https://docs.google.com/uc?export=download&id=1ZYNZotCi_OJ2Bs-ot4FGk0eR4zsWuw1W
orgao_G#m_mao, https://docs.google.com/uc?export=download&id=1ZYNZotCi_OJ2Bs-ot4FGk0eR4zsWuw1W
orgao_A_mao, https://docs.google.com/uc?export=download&id=1c8ZnfDMeQJbdjTm-W-CXk9eq1HGNne2o
orgao_Am_mao, https://docs.google.com/uc?export=download&id=1gbyBBLDo8CPoNPYBBnk-Y_6BfwejabHS
orgao_A#_mao, https://docs.google.com/uc?export=download&id=1ZYNZotCi_OJ2Bs-ot4FGk0eR4zsWuw1W
orgao_A#m_mao, https://docs.google.com/uc?export=download&id=1ZYNZotCi_OJ2Bs-ot4FGk0eR4zsWuw1W
orgao_Bb_mao, https://docs.google.com/uc?export=download&id=1jwX3WuxcBNLSV2lkrW6UHpjtO9qtpFAa
orgao_B_mao, https://docs.google.com/uc?export=download&id=1jwX3WuxcBNLSV2lkrW6UHpjtO9qtpFAa
orgao_Bm_mao, https://docs.google.com/uc?export=download&id=1xgdJALMsRfea6eOsEVNuBlTupabp4JdD

orgao_C_solo, https://docs.google.com/uc?export=download&id=1KUelyfI40QuCw4h-WgEPbAbPa414MZ01
orgao_Cm_solo, https://docs.google.com/uc?export=download&id=1P_pGNapihJdTilsBo1y8ija0Afm7m5_3
orgao_C#_solo, https://docs.google.com/uc?export=download&id=1ZYNZotCi_OJ2Bs-ot4FGk0eR4zsWuw1W
orgao_C#m_solo, https://docs.google.com/uc?export=download&id=1ZYNZotCi_OJ2Bs-ot4FGk0eR4zsWuw1W
orgao_D_solo, https://docs.google.com/uc?export=download&id=1jmFB7vxCH5_1b6Ym0aJXK1PGagwRgBnS
orgao_Dm_solo, https://docs.google.com/uc?export=download&id=1ZYNZotCi_OJ2Bs-ot4FGk0eR4zsWuw1W
orgao_D#_solo, https://docs.google.com/uc?export=download&id=1ZYNZotCi_OJ2Bs-ot4FGk0eR4zsWuw1W
orgao_D#m_solo, https://docs.google.com/uc?export=download&id=1ZYNZotCi_OJ2Bs-ot4FGk0eR4zsWuw1W
orgao_E_solo, https://docs.google.com/uc?export=download&id=1hgYT3kAd2iRSbcB1x9Y-b3vOsQW3_F_8
orgao_Em_solo, https://docs.google.com/uc?export=download&id=1HW8GU7sVt3NaqEZPoAkQZz64cBoRYiUy
orgao_F_solo, https://docs.google.com/uc?export=download&id=17lkJE9a-JwPKAXg-6BCSHf9gZtxn6X_x
orgao_Fm_solo, https://docs.google.com/uc?export=download&id=1ZYNZotCi_OJ2Bs-ot4FGk0eR4zsWuw1W
orgao_F#_solo, https://docs.google.com/uc?export=download&id=1ZYNZotCi_OJ2Bs-ot4FGk0eR4zsWuw1W
orgao_F#m_solo, https://docs.google.com/uc?export=download&id=1ZYNZotCi_OJ2Bs-ot4FGk0eR4zsWuw1W
orgao_G_solo, https://docs.google.com/uc?export=download&id=1NqmQ-R37hLCP0RMuHeGU2EeVnZnnll6E
orgao_Gm_solo, https://docs.google.com/uc?export=download&id=1ZYNZotCi_OJ2Bs-ot4FGk0eR4zsWuw1W
orgao_G#_solo, https://docs.google.com/uc?export=download&id=1ZYNZotCi_OJ2Bs-ot4FGk0eR4zsWuw1W
orgao_G#m_solo, https://docs.google.com/uc?export=download&id=1ZYNZotCi_OJ2Bs-ot4FGk0eR4zsWuw1W
orgao_A_solo, https://docs.google.com/uc?export=download&id=1c8ZnfDMeQJbdjTm-W-CXk9eq1HGNne2o
orgao_Am_solo, https://docs.google.com/uc?export=download&id=1gbyBBLDo8CPoNPYBBnk-Y_6BfwejabHS
orgao_A#_solo, https://docs.google.com/uc?export=download&id=1ZYNZotCi_OJ2Bs-ot4FGk0eR4zsWuw1W
orgao_A#m_solo, https://docs.google.com/uc?export=download&id=1ZYNZotCi_OJ2Bs-ot4FGk0eR4zsWuw1W
orgao_Bb_solo, https://docs.google.com/uc?export=download&id=1jwX3WuxcBNLSV2lkrW6UHpjtO9qtpFAa
orgao_B_solo, https://docs.google.com/uc?export=download&id=1jwX3WuxcBNLSV2lkrW6UHpjtO9qtpFAa
orgao_Bm_solo, https://docs.google.com/uc?export=download&id=1xgdJALMsRfea6eOsEVNuBlTupabp4JdD

orgao_C_full, https://docs.google.com/uc?export=download&id=1lCOqdc5FZ-f_1yD1AaH7AN_K0YeBYrPy
orgao_Cm_full, https://docs.google.com/uc?export=download&id=1P_pGNapihJdTilsBo1y8ija0Afm7m5_3
orgao_C#_full, https://docs.google.com/uc?export=download&id=1ZYNZotCi_OJ2Bs-ot4FGk0eR4zsWuw1W
orgao_C#m_full, https://docs.google.com/uc?export=download&id=1ZYNZotCi_OJ2Bs-ot4FGk0eR4zsWuw1W
orgao_D_full, https://docs.google.com/uc?export=download&id=1jmFB7vxCH5_1b6Ym0aJXK1PGagwRgBnS
orgao_Dm_full, https://docs.google.com/uc?export=download&id=1ZYNZotCi_OJ2Bs-ot4FGk0eR4zsWuw1W
orgao_D#_full, https://docs.google.com/uc?export=download&id=1ZYNZotCi_OJ2Bs-ot4FGk0eR4zsWuw1W
orgao_D#m_full, https://docs.google.com/uc?export=download&id=1ZYNZotCi_OJ2Bs-ot4FGk0eR4zsWuw1W
orgao_E_full, https://docs.google.com/uc?export=download&id=1hgYT3kAd2iRSbcB1x9Y-b3vOsQW3_F_8
orgao_Em_full, https://docs.google.com/uc?export=download&id=1HW8GU7sVt3NaqEZPoAkQZz64cBoRYiUy
orgao_F_full, https://docs.google.com/uc?export=download&id=17lkJE9a-JwPKAXg-6BCSHf9gZtxn6X_x
orgao_Fm_full, https://docs.google.com/uc?export=download&id=1ZYNZotCi_OJ2Bs-ot4FGk0eR4zsWuw1W
orgao_F#_full, https://docs.google.com/uc?export=download&id=1ZYNZotCi_OJ2Bs-ot4FGk0eR4zsWuw1W
orgao_F#m_full, https://docs.google.com/uc?export=download&id=1ZYNZotCi_OJ2Bs-ot4FGk0eR4zsWuw1W
orgao_G_full, https://docs.google.com/uc?export=download&id=1NqmQ-R37hLCP0RMuHeGU2EeVnZnnll6E
orgao_Gm_full, https://docs.google.com/uc?export=download&id=1ZYNZotCi_OJ2Bs-ot4FGk0eR4zsWuw1W
orgao_G#_full, https://docs.google.com/uc?export=download&id=1ZYNZotCi_OJ2Bs-ot4FGk0eR4zsWuw1W
orgao_G#m_full, https://docs.google.com/uc?export=download&id=1ZYNZotCi_OJ2Bs-ot4FGk0eR4zsWuw1W
orgao_A_full, https://docs.google.com/uc?export=download&id=1c8ZnfDMeQJbdjTm-W-CXk9eq1HGNne2o
orgao_Am_full, https://docs.google.com/uc?export=download&id=1gbyBBLDo8CPoNPYBBnk-Y_6BfwejabHS
orgao_A#_full, https://docs.google.com/uc?export=download&id=1ZYNZotCi_OJ2Bs-ot4FGk0eR4zsWuw1W
orgao_A#m_full, https://docs.google.com/uc?export=download&id=1ZYNZotCi_OJ2Bs-ot4FGk0eR4zsWuw1W
orgao_Bb_full, https://docs.google.com/uc?export=download&id=1jwX3WuxcBNLSV2lkrW6UHpjtO9qtpFAa
orgao_B_full, https://docs.google.com/uc?export=download&id=1jwX3WuxcBNLSV2lkrW6UHpjtO9qtpFAa
orgao_Bm_full, https://docs.google.com/uc?export=download&id=1xgdJALMsRfea6eOsEVNuBlTupabp4JdD